Name,Status,Price,Stars,Ratings,URL,UPC
FAIR Nintendo Switch 32GB Video Game Console - Black (HAC-001) / CONSOLE ONLY,Pre-Owned,$199.99,5.0,0,https://www.ebay.com/itm/164461978561?epid=15029958234&_trkparms=ispr%3D1&hash=item264ab2a3c1:g:YdgAAOSwHpZfmuCK&amdata=enc%3AAQAFAAACkBaobrjLl8XobRIiIML1V4Imu%252Fn%252BzU5L90Z278x5ickkfOCvCjTOBWK8pwriaolq5sIazAkJ0efDYdsIfrz%252FTTfMNWLIJXFy%252B4YYARkCjacXqJfsRzp9pIvcafqjShCn%252Fj%252BRTJyLKARcbxRYa2nFA2YKJAl08JrJPu3EWYikb34xd0zYwuVnOq%252B8%252BM0zYG3wxXttw1bZe%252Fi8bbwby71z8oSTjiehhiQ37OPdekKs4dC86OQLp%252FgF%252B%252Bj2OzUK%252BK%252BwME17rfYzvL1w2n6aiIrgtQUeBg%252FkSBFmTCYJwhWjM5BNxUK9nofueYioFWLWQ7vuXwxxVGdWOlzjA7RaAI3gCloK8WanjyPNju0yRe5jhYoGuWkacghgf7Hm7DrMIUqquLcBCKJqXNaz5HpXiMsvm%252BjA9ZbWRyNLyuumL7AP%252Buq9bn6WaZl2lb0eeTUsNlal4iGfXyoVOkamrKL8EeH0tqjTuvx4mENEexlshXCYPaM2cbetIacQX8k89hEK8uWii2USlC2212En0floJVmz5Aw5l0Trw5ISVxRlTL2TMxbDNJGsJtf45QlEH6M0SUXqEUy5BCBlses7xhbXXV7b5FzpeinCsW8L5Z2VTilRRgaiZlEaE%252F7eFEh1%252B59IGuT0KqSpQKRQYLYlVYP7Q69B4PRMHlY4qzUy4byjPgg4qBejhaUC1fhqMD9x3D2LcHBpNJ7hXn5B5bgc7HzgVZuYPOLsQWvb0ddx8%252F0jioU6JYZxXSt2vF9pjxAfAHfCtXSKpgsioKD1%252Fr%252Bz2w7v52zcwPr90B2G3hRGbBru1GH2KSh63ijQFtOzENfaZIp%252FtLICSd8jwGrnhwOtlsj0bJy51jrImiMihGpC7Uv7sMySGJuP%7Ccksum%3A1644619785619706983cbc9748b4935edae9dfce1c85%7Campid%3APL_CLK%7Cclp%3A2334524,
FAIR Nintendo Switch Lite Hand-Held Gaming Console - Turquoise (HDH-001),Pre-Owned,$179.99,5.0,0,https://www.ebay.com/itm/164526140350?epid=19033843702&_trkparms=ispr%3D1&hash=item264e85abbe:g:rGIAAOSwjXtft-kU&amdata=enc%3AAQAFAAACkBaobrjLl8XobRIiIML1V4Imu%252Fn%252BzU5L90Z278x5ickkfOCvCjTOBWK8pwriaolq5ovJvXN8aAsxwgqyBo8v%252Fk9hXdNiWFrk9exQr28py67uiDIaksPFMvmd%252FTL97uZyZREur%252Fb890VscEI582RN4EmiXJefBM9Ihmzbea4IHxJ1Sq2jQGP8%252Bwv1iHsjDq%252BFkAZ5AMV7oM92CW7JIqcfB4tcN%252BzXTJsGX9b9GftCBexgO16XSVOvyRqDc6CUVaaYANpbV5q%252Bk8vzfxz%252BfCdR0AFFNLnahu6n%252FeGgco8LhKFIomEes4spGoHf6011jnAVL%252FAB2Ox6EcRVQsC%252Fg9aD7ntHrnwqu0%252BNSC4BUk%252BEcER5S%252ByIUNZHqupz7U5xD1Qo09DjVcNf7hv9%252B6P5ON6NNDc9lBX8JSUIbX9lDpBpRCN%252BE3hDgvvl702leXxMjRwvQPkZT5BwnpnaBEihdn6sAT8zqEhSTUQnshjSnap3awTUbdM0MO%252BGuqg3Cq4GWX2x4oe5gklq9eWjeVmkdi%252BSEVgRH%252BpnDRvpG3e3ecI76K75FVVMAQdh5%252Fs316bJ%252BaDWmDqGTPogy%252FBYnFNAGoBkfiznplIkMBv9%252BCeHJuHOMuOQ3FC36bJ5Yu%252BOxNjeeEq0DtZCG3tMs0oS%252FpSeMyTvJPh17CWcgsOYDukeg3qLIDOEVWD8FKzw9nhs3AcQaFlYf%252BexFZWw4CGt%252Fv8PCMKKbI0%252BCxv1vTGTxcO4mSVTPMq%252BrM57eIAdDg9Oh46Lx4dACjbGN%252FXmTDlEmstGOJUkBr%252BGKUZ95VhDxLY%252FVxvNWqnkmkkHMXhVsoJYoPdqgEswDCxigwg1HAmnr0%252BwVf5H1nL1BcznMD%252F95%252Be0FaFF7xJu%7Ccksum%3A1645261403509706983cbc9748b4935edae9dfce1c85%7Campid%3APL_CLK%7Cclp%3A2334524,
Nintendo - Switch 32GB Console - Neon Red/Neon Blue Joy-Con,Brand New,$344.99,5.0,0,https://www.ebay.com/itm/164227626757?epid=25034355190&hash=item263cbab705:g:6nAAAOSwGXJe1S50,
Nintendo Switch 32GB Console with Neon Blue / Red Joy-Cons (HAC-001),Pre-Owned,$249.99,5.0,0,https://www.ebay.com/itm/184815944861?epid=23024812516&_trkparms=ispr%3D1&hash=item2b07e3849d:g:iz8AAOSwXq5gkjzP&amdata=enc%3AAQAFAAACkBaobrjLl8XobRIiIML1V4Imu%252Fn%252BzU5L90Z278x5ickk8Fd9si%252FIbtWQr%252BhnlRwjDT26i9B3MuwSFdmkIvhVZ8XEU16sEu3UfAKVDyFZNiwTHPAkRFAwLJQCqDJ7VFZVqNK9dirzWs01ttHbRFqKUdAYhlGRt%252FuoIgAUXjs%252FVUZggmg%252Bo%252BgLrqo6I96oKJdEuu2BgmKS%252FbIpu%252B7DA0%252BeyvEKZPqY0h09JhXZrQZtSdmOJbs75PdGYc4LvMSw9F9iRM%252FO5zy8xmKL68HFCounB5kiZm6LerRcNaVcda1Qu5A9PO%252FAO9sN6r4lN0jBQATvnkqZ3x9wohpSW2i%252FwXpU7B6wImJIDCYatZP4ja9%252Fy2ox3qMJld3KtKT1nXBDDfxhNRFcG3ygBu9dGMDYLWJTXb4evvh%252FB%252BSviIa%252FULFvWWBRK00YrpqiiFmABm2LiWGeQoYnXw3Fx4VSV4Wnl13Bn8BXLDHhIRnCHzVAVqUNjw4HoaFPHcNVxswpBT8c%252BZQRHBrR4Wv7vtWwEc%252BHMoqei0iZrRuiXA9fawkW%252Fukd6Qb4FF%252FtYfjt%252FFdln74w%252BwYUpjZ46wRG2djUxV0worCWbfPCs9XEv6OkPGm%252BmBQficeiGozD75dl2ZyM8TfUYUBiFZuNTtm1S09qDLoQodVIeUgwu3buoHFpvbWqfYcnavG34B8xJzY%252FbtzZJ0rf8mbpMWTAFQoBY4PYOXc%252FGieFrM2vgkhyEtsBxtKURw70dLzqNB9Yda9hQvwtSa1fqK2GH%252BiAxwG%252BWuVMDvHU7BnDPDk6vPJvtECIDp6MBEafflklYK%252FvmrKm4EYJW%252F0VG5qNvh0i6G25vJtQbQm0nhXlWkbc%252F5OEtKilpxacWH%252B5rVCk%7Ccksum%3A1848159448619706983cbc9748b4935edae9dfce1c85%7Campid%3APL_CLK%7Cclp%3A2334524,
Nintendo Switch Mario Red and Blue Limited Edition Console NA Version BRAND RARE,Pre-Owned,$369.00,5.0,0,https://www.ebay.com/itm/284274573330?epid=7043942717&_trkparms=ispr%3D1&hash=item423015c012:g:~QgAAOSw0xdgiHC9&amdata=enc%3AAQAFAAACkBaobrjLl8XobRIiIML1V4Imu%252Fn%252BzU5L90Z278x5ickk7PdDazAlGltMLJlUhrWsD1vJbGZYRq5lRSwR5xp2jPiDAqtfmZQISfPlbvcQ7fyZRMrtbtOzPPqznNRjWJ9jH9xuEbmZlbf9lbmgqUqP8pVz0MzNtEOPEBTRliV%252FHTqWJaBtJmVVLZnp8OtgMqni%252BY0TLA64fYe7ciGg7uk3b%252Fp2efi1C7zUzqbRYTn8Dy0jjxjNSDVs7JphdkfOo1eopIgbLVITqtCUzKAQtM2oyHF83e5a8QNWDIj2qcn66S%252BFryw%252FWfnRRjWLXDz76mzcVxdXwdd18vJ9HBFt2amtlFKeUobr4EN%252BbbAwdoA%252BoseRyFJHPGlfBHNzrZ94UU83GLF%252FNNtbHABj1rUi2CAm21O5aoT9hAmg9QkbPPbk24bhHT5rX65Ruv%252BvX6aiYEtXBCvL%252BupxLdhBJGTBcL9PQ8A1FZix4TaBgtWZF8JGyi3V4lwqfvNyD8Q6cJJYdP8Gc0eiZxaMp%252BTdUYS3%252B56SXzzZcXL9z5DoeRrMDEh1Xr%252FiqXRuYoJMdYPdaBvRuQDLhRg8%252FlUJGSQXENUqixGPfzPPiCvoV%252Bb2U3LBPfEtGdEK02zxZCj821Amgi2ogEGLZK0X10GiV9Btu3Uay0I0pJPIT9jKFRVXvHGwtubZm0UcxbmKKzpb1uIfjJHybfjeiNxcENXGPn3hosZzYwZG7wPdnsUJB%252FHGthnaFZKAwjIkaHUIDeikpc1KKYuYVMHrK6hWGeVU6fzmAClkllPzsVZMULq2n5wuqnW6P1zI09KL9aBQri3dgzbU6U%252F8SXIg1m8u1CIo7zcHbdHAPx6sAbHyUThliYTgaoqP5nNbh6cc%7Ccksum%3A2842745733309706983cbc9748b4935edae9dfce1c85%7Campid%3APL_CLK%7Cclp%3A2334524,
Nintendo Switch 64GB Gray Console with Neon Red and Neon Blue Joy-Con + 1 Game,Pre-Owned,$222.50,5.0,0,https://www.ebay.com/itm/114792051968?epid=23024812516&hash=item1aba23b500:g:rZcAAOSwUNNgiEQC,
Nintendo Switch 32GB Neon Red/Neon Blue Console,Pre-Owned,$160.00,Tim,0,https://www.ebay.com/itm/313517731016?hash=item48ff1cecc8:g:qnoAAOSwj7hghv6v,
Nintendo Switch 32GB Gray Console with Neon Red and Neon Blue Joy-Con,Brand New,$220.00,5.0,0,https://www.ebay.com/itm/384137133145?epid=23024812516&hash=item59705b7c59:g:N5UAAOSwccFgkDVX,
Brand New Nintendo Switch Fortnite Wildcat Console Bundle - NO CODE many pics,Brand New,$251.00,Tim,0,https://www.ebay.com/itm/265147088798?hash=item3dbbff7f9e:g:lwMAAOSwqDxgiIO1,
Nintendo Switch Monster Hunter Special Pack Console - In Hand Ready To Ship NOW!,Brand New,$450.00,5.0,0,https://www.ebay.com/itm/114794466494?epid=26043440911&hash=item1aba488cbe:g:f78AAOSwdUJgkrml,
Nintendo Switch 32GB Console with Gray Joy‚ÄëCon & Mario Kart 8,Pre-Owned,$232.50,5.0,0,https://www.ebay.com/itm/254964617170?epid=25034355190&hash=item3b5d134fd2:g:ucMAAOSwo6FgjxfV,
Nintendo Switch 32GB Neon Red/Neon Blue Console,Pre-Owned,$300.00,4.5,0,https://www.ebay.com/itm/333987416655?epid=16029037217&hash=item4dc3338a4f:g:cpsAAOSwyDpgkKxK,
Nintendo Switch 32GB Neon Red/Neon Blue Console (with Animal Crossing),Pre-Owned,$212.50,4.5,0,https://www.ebay.com/itm/164846829136?epid=16029037217&hash=item2661a2fe50:g:TMEAAOSwAMVgkCoU,
FAIR / AUX ISSUE Nintendo Switch 32GB Console - Black (HAC-001) / CONSOLE ONLY,Pre-Owned,$179.99,5.0,0,https://www.ebay.com/itm/144016892001?epid=15029958234&hash=item2188136061:g:p00AAOSwSLtggZBf,
Genuine Nintendo Switch 32GB Gray Console with Gray Joy-Cons HAC-001 UD - GST10,Pre-Owned,$199.99,5.0,0,https://www.ebay.com/itm/203442800692?epid=25034355190&hash=item2f5e22c834:g:YJEAAOSw5iVb5Dyr,
Nintendo Switch 32GB Console with Neon Blue / Red Joy-Cons HAC-001 - VG - GST1,Pre-Owned,$199.99,5.0,0,https://www.ebay.com/itm/203442726010?epid=23024812516&hash=item2f5e21a47a:g:zioAAOSwP8db9aMp,
Nintendo Switch - Mario Red & Blue Edition Console (32GB),Brand New,$349.71,5.0,0,https://www.ebay.com/itm/114785461767?epid=7043942717&hash=item1ab9bf2607:g:0QMAAOSwHTlgifli,
Nintendo Switch Console Gray with Switch Pro Controller and 256gb microSD card ,Pre-Owned,$230.00,Tim,0,https://www.ebay.com/itm/184803659005?hash=item2b07280cfd:g:UA8AAOSw6cRgjHD-,
Nintendo Switch Console Animal Crossing: New Horizons Edition + Pokemon Snap,Brand New,$429.99,Pre,0,https://www.ebay.com/itm/294152053566?hash=item447cd4233e:g:F6sAAOSwwLhgkACX,
"Nintendo Switch Console 32GB, 128GB MicroSDXC",Pre-Owned,$200.00,Tim,0,https://www.ebay.com/itm/224445644710?hash=item344200bfa6:g:em4AAOSwdQRghjKs,
Nintendo Switch 32GB Console w/Blue Red Joy Con HAC-0018 ,Pre-Owned,$187.50,5.0,0,https://www.ebay.com/itm/274780008588?epid=23024812516&hash=item3ffa2a308c:g:Zu4AAOSwAAtgjDN9,
Nintendo Switch 32GB Neon Red/Neon Blue Console. BRAND NEW FAST SHIP,Brand New,$188.51,4.5,0,https://www.ebay.com/itm/114793187735?epid=16029037217&hash=item1aba350997:g:t-AAAOSwcwtgkW6l,
Nintendo Switch 32GB Neon Red/Neon Blue Console,Pre-Owned,$250.00,4.5,0,https://www.ebay.com/itm/324603469177?epid=16029037217&hash=item4b93dfdd79:g:n8QAAOSwdepfKFw0,
Nintendo Switch 32GB Neon Red/Neon Blue Console,Brand New,$360.00,4.5,0,https://www.ebay.com/itm/133600841711?epid=16029037217&hash=item1f1b3b0fef:g:928AAOSwZ5Vfz-9q,
nintendo switch console¬†HAC-001 + extras,Pre-Owned,$150.00,Tim,0,https://www.ebay.com/itm/324603011502?hash=item4b93d8e1ae:g:UoQAAOSwLjxggtzB,
Nintendo Switch Console Bundle 32GB with 3 Great Games Mario Smash Zelda ,Pre-Owned,$449.99,5.0,0,https://www.ebay.com/itm/123912229267?epid=23024812516&hash=item1cd9be9193:g:afoAAOSweXddWW3-,
nintendo switch console case mario kart 8 xenoblade¬†red wings,Pre-Owned,$79.00,Tim,0,https://www.ebay.com/itm/124709628836?hash=item1d0945eba4:g:JgYAAOSwxAtghIfl,
Nintendo Switch Fortnite Special Edition Console Blue Yellow - (No Wildcat Code),Refurbished,$114.50,5.0,0,https://www.ebay.com/itm/133751062704?epid=3043437649&hash=item1f242f40b0:g:W9UAAOSwAoFgdfhR,
NINTENDO SWITCH 32GB HAC-001(-01) GAMING CONSOLE (CMP046377),Pre-Owned,$299.95,4.5,0,https://www.ebay.com/itm/313515506713?epid=16029037217&hash=item48fefafc19:g:gOcAAOSw96xgjy49,
Nintendo Switch System Console Tablet Only Replacement Grade B,Pre-Owned,$184.99,Wat,0,https://www.ebay.com/itm/384064697577?hash=item596c0a34e9:g:feYAAOSwsQ1gX71H,
"Nintendo Switch Lite Gray Console Bundle with Mario Odyssey, Holders&CarryCase ¬†",Pre-Owned,$152.50,5.0,0,https://www.ebay.com/itm/254965743308?epid=22034912824&hash=item3b5d247ecc:g:rjgAAOSwcsNgkEP5,
Nintendo Switch Game Console,Pre-Owned,$202.50,5.0,0,https://www.ebay.com/itm/353476913486?epid=28034636949&hash=item524cdda94e:g:RSEAAOSwEddgdKEn,
Nintendo Switch HAC-001(-01) 32GB Console with joy con,Refurbished,$182.00,5.0,0,https://www.ebay.com/itm/265143516895?epid=25034355190&hash=item3dbbc8fedf:g:KJ0AAOSwQtFgjIIh,
Nintendo switch console Used,Pre-Owned,$300.00,Wat,0,https://www.ebay.com/itm/313411745043?hash=item48f8cbb513:g:tIoAAOSwKVBgIWFv,
Brand New Nintendo Switch Lite - Gray Console,Brand New,$182.50,5.0,0,https://www.ebay.com/itm/124704662365?epid=17033847403&hash=item1d08fa235d:g:TxsAAOSw5rZgjPNO,
Nintendo Switch HAC-001 Handheld Console - 32GB - Gray Joy-Con Controllers...,Pre-Owned,$161.00,5.0,0,https://www.ebay.com/itm/313515805808?epid=4043425084&hash=item48feff8c70:g:PRwAAOSwYZBf9yEs,
GRADE B Working Nintendo Switch 32GB Replacement System Console Tablet Only OEM,Pre-Owned,$199.99,Wat,0,https://www.ebay.com/itm/264349996071?hash=item3d8c7cd427:g:HYAAAOSwkMVc0TJB,
Nintendo Switch Console Complete Bundle With Games,Pre-Owned,$350.00,Wat,0,https://www.ebay.com/itm/144024654207?hash=item218889d17f:g:hAgAAOSwzh9gi33P,
"Nintendo Switch 32GB Neon Red/Neon Blue Console (v2, with upgraded battery)",Pre-Owned,$215.00,4.5,0,https://www.ebay.com/itm/274784371048?epid=16029037217&hash=item3ffa6cc168:g:SBAAAOSwpjlgkLMw,
Nintendo Switch 32GB Console with Gray Joy‚ÄëCon Smash Ultimate MarioKart GameCube,Pre-Owned,$330.00,5.0,0,https://www.ebay.com/itm/174756319473?epid=25034355190&hash=item28b049d0f1:g:2vwAAOSw9mBgkGOb,
Nintendo Switch - Diablo III Eternal Collection Console Bundle,Pre-Owned,$140.00,4.0,0,https://www.ebay.com/itm/184816675241?epid=9025851927&hash=item2b07eea9a9:g:HVUAAOSwQX9gkouw,
Nintendo Switch Console 32GB - Black with Gray Joy-Con HAC-001,Pre-Owned,$133.50,Tim,0,https://www.ebay.com/itm/313513249894?hash=item48fed88c66:g:q9IAAOSwNnJgjE7E,
"Nintendo Switch 32GB Console System w/ Neon Blue & Red Joy-Con |USED, OPEN BOX",Open Box,$324.99,4.5,0,https://www.ebay.com/itm/143815232765?epid=16029037217&hash=item217c0e4cfd:g:zkIAAOSwkP1eRGjZ,
Nintendo Switch 32GB Black (HAC-001 V1 Console only) Excellent condition,Pre-Owned,$189.00,5.0,0,https://www.ebay.com/itm/384137264281?epid=15029958234&hash=item59705d7c99:g:dAAAAOSwaJJgf0Ik,
Nintendo switch HAC-001  console only,Pre-Owned,$161.00,Tim,0,https://www.ebay.com/itm/313516232510?hash=item48ff060f3e:g:R8wAAOSwwoFgkB6f,
Nintendo Switch 32GB Neon Red/Neon Blue Console,Open Box,$295.00,4.5,0,https://www.ebay.com/itm/124703694749?epid=16029037217&hash=item1d08eb5f9d:g:n8QAAOSwdepfKFw0,
Nintendo Switch Monster Hunter Rise Deluxe Edition Console ‚≠êÔ∏èSHIPS TODAY‚≠êÔ∏è,Brand New,$435.99,Wat,0,https://www.ebay.com/itm/393274468237?hash=item5b90fc278d:g:yoAAAOSwUQhgiMGi,
Nintendo Switch Console - Neon Blue & Red Joy Cons V2 w/ Super Mario Odyssey DL,Pre-Owned,$389.00,4.5,0,https://www.ebay.com/itm/154430735235?epid=16029037217&hash=item23f4ca0383:g:3CAAAOSwSMZgiCqX,
used nintendo switch console bundle,Pre-Owned,$192.50,Tim,0,https://www.ebay.com/itm/174753392548?hash=item28b01d27a4:g:XQ0AAOSwDV1gjUUS,
Nintendo Switch 32GB Neon Red/Neon Blue Console,Pre-Owned,$192.50,4.5,0,https://www.ebay.com/itm/353480207450?epid=16029037217&hash=item524d0fec5a:g:By8AAOSwt1Vgj4aw,
Nintendo Switch HAC-001(-01) 32GB Console with Gray Joy‚ÄëCon,Pre-Owned,$177.50,5.0,0,https://www.ebay.com/itm/303982041366?epid=25034355190&hash=item46c6bdd916:g:8kAAAOSwlJVgjgC9,
nintendo switch animal crossing console With Charger Cord,Pre-Owned,$250.00,Wat,0,https://www.ebay.com/itm/402821507825?hash=item5dca086af1:g:pM4AAOSw~X1gj5I-,
Nintendo Switch 32GB Console - Gray,Pre-Owned,$145.00,5.0,0,https://www.ebay.com/itm/174756228415?epid=24033918618&hash=item28b0486d3f:g:o04AAOSwg5lghH-~,
"Monster Hunter Rise Deluxe Edition Console, US Version ‚Ä¢ Nintendo Switch ‚Ä¢ NEW",Brand New,$425.00,Fre,0,https://www.ebay.com/itm/154428825703?hash=item23f4ace067:g:ADUAAOSwrkhgdkjq,
Nintendo Switch Console Mario Red and Blue Edition WITH CARRYING CASE SAME DAY,Brand New,$388.88,Fre,0,https://www.ebay.com/itm/164714991925?hash=item2659c75135:g:eHkAAOSw~xRgMbJ9,
Nintendo Switch Bundle Neon Red/Neon Blue Console - Plus Extras,Pre-Owned,$210.50,Tim,0,https://www.ebay.com/itm/203417350219?hash=item2f5c9e704b:g:C3MAAOSwhnVgi5Ut,
Nintendo Switch Console with Gray Joy‚ÄëCon And Donkey Kong Case,Pre-Owned,$289.99,5.0,0,https://www.ebay.com/itm/254967108279?epid=25034355190&hash=item3b5d3952b7:g:3I8AAOSwWrdgkbFC,
Nintendo Switch Console 32GB Black Tablet Only Tested HAC-001 ,Refurbished,$178.98,5.0,0,https://www.ebay.com/itm/274761901211?epid=15029958234&hash=item3ff915e49b:g:qewAAOSwlIxfqALF,
Grade B Nintendo Switch 32GB Replacement System Console Tablet Only,Pre-Owned,$50.00,Tim,0,https://www.ebay.com/itm/284282153436?hash=item42308969dc:g:j-IAAOSw~E5gkKkF,
NEW Nintendo Switch Lite Handheld Console - Turquoise,Brand New,$160.00,5.0,0,https://www.ebay.com/itm/265147275230?epid=19033843702&hash=item3dbc0257de:g:lLkAAOSw4AxgkEwE,
Nintendo Switch V1 XAW700188 UNPATCHED? 64gb HAC-001 Video Game System Console,Pre-Owned,$160.50,Tim,0,https://www.ebay.com/itm/124709920375?hash=item1d094a5e77:g:X5cAAOSwpSlgLwI8,
Nintendo Switch 32GB Neon Red Neon Blue Joy-Con HAC-001(-01) / NEW STILL SEALED,Brand New,$345.00,4.5,0,https://www.ebay.com/itm/154438544393?epid=22031750451&hash=item23f5412c09:g:8moAAOSwlyBdi-Bs,
Nintendo Switch 32GB Neon Red/Neon Blue Console Bundle -4 Games & Carrying Case!,Pre-Owned,$299.99,4.5,0,https://www.ebay.com/itm/224447972674?epid=16029037217&hash=item3442244542:g:PsAAAOSw9Nlgj0DK,
NEW Nintendo Switch Monster Hunter Rise Deluxe Edition Console | In Hand,Brand New,$439.99,Wat,0,https://www.ebay.com/itm/224451155014?hash=item344254d446:g:1voAAOSwNKdgce-3,
üî•Animal Crossing: New Horizons Limited Edition üî•Nintendo Switch Consoleüî•,Refurbished,$394.99,5.0,0,https://www.ebay.com/itm/193934948362?epid=4037037457&hash=item2d276c780a:g:Q~4AAOSwoZBfz-gI:sc:ShippingMethodExpress!83402!US!-1,
Nintendo Switch 32GB Neon Red/Neon Blue Console W/ Super Smash Bros Ultimate,Pre-Owned,$180.00,4.5,0,https://www.ebay.com/itm/393289215747?epid=16029037217&hash=item5b91dd2f03:g:qnYAAOSwtZJgjxrQ,
Nintendo HAC-001 32GB Switch Console - Black Launch Edition! Not Banned!,Pre-Owned,$300.00,5.0,0,https://www.ebay.com/itm/284274502964?epid=15029958234&hash=item423014ad34:g:gLMAAOSwnMVgiF1B,
Nintendo Switch 32GB Gray Console w/ Neon Red & Blue Joy-Con Controllers HAC-001,Pre-Owned,$168.00,Tim,0,https://www.ebay.com/itm/194099655793?hash=item2d313db471:g:W78AAOSwIepgkkyC,
Nintendo Switch 32GB Console Only Neon Red/Neon Blue  Joy-Cons,Pre-Owned,$270.00,4.5,0,https://www.ebay.com/itm/324605200886?epid=16029037217&hash=item4b93fa49f6:g:po0AAOSw2hpgkfpP,
Nintendo Switch 32 Gb Console with Grey Joy Con and Case - Used Excellent¬†,Pre-Owned,$189.00,Tim,0,https://www.ebay.com/itm/174750293458?hash=item28afedddd2:g:FsQAAOSwP6JgihTX,
Nintendo Switch 32GB Neon Red/Neon Blue Console *WITH TWO GAMES*,Open Box,$294.00,4.5,0,https://www.ebay.com/itm/363377192578?epid=16029037217&hash=item549af7ee82:g:LIIAAOSwRh9ggG1d,
Nintendo Switch Fortnite Wildcat Console Bundle No Code No Adapter NEW,Brand New,$216.00,5.0,0,https://www.ebay.com/itm/194070721294?epid=15043434096&hash=item2d2f84330e:g:cskAAOSwl2pgc08T,
Nintendo Switch Lite Handheld Video Game Console 32GB  - Turquoise - New,Brand New,$195.00,5.0,0,https://www.ebay.com/itm/333989572666?epid=21034688169&hash=item4dc354703a:g:ly4AAOSw9NlgicMC,
Nintendo Switch HAC-001(-01) 32GB Console with Gray Joy‚ÄëCon Video Game Console,Pre-Owned,$192.50,5.0,0,https://www.ebay.com/itm/373567663611?epid=25034355190&hash=item56fa5e2dfb:g:~00AAOSwIfVgkcbJ,
Animal Crossing Nintendo Switch¬†CONSOLE TABLET *ONLY* near mint (NTSC) ,Pre-Owned,$209.99,Wat,0,https://www.ebay.com/itm/164849962142?hash=item2661d2cc9e:g:s4MAAOSwA~RgkfBC,
Nintendo Switch 32GB Neon Red/Neon Blue Console w/ Super Mario 3D All-Stars,Brand New,$265.00,Tim,0,https://www.ebay.com/itm/114791129442?hash=item1aba15a162:g:ji4AAOSwbw1gZqxH,
"Nintendo Switch UNPATCHED Console w/ Gray Joy-cons, Power Adapter, Dock, & HDMI",Pre-Owned,$225.00,Tim,0,https://www.ebay.com/itm/124701419096?hash=item1d08c8a658:g:7Z4AAOSw-7Fgig6B,
üî• Nintendo Switch 32GB Game Console w/2 Gray JoyCon V2 Newest Model FedEx 2-Day,Brand New,$368.75,5.0,0,https://www.ebay.com/itm/303520708310?epid=25034355190&hash=item46ab3e76d6:g:aZgAAOSw0rVez9bN,
üî• NEW Nintendo Switch Console Mario Red & Blue Edition Bundle üî•,Brand New,$275.00,Tim,0,https://www.ebay.com/itm/174754280240?hash=item28b02ab330:g:EEEAAOSwxz9gWfEX,
"Used Nintendo Switch 32GB Neon Red/Neon Blue Console W/ Case, 2 Games, Etc.",Pre-Owned,$290.00,4.5,0,https://www.ebay.com/itm/224450361913?epid=16029037217&hash=item344248ba39:g:2BYAAOSwTWFgkbQb,
Nintendo Switch Console Let‚Äôs Go Pikachu! + Poke Ball Plus Edition,Brand New,$463.00,5.0,0,https://www.ebay.com/itm/324601842637?epid=20025867439&hash=item4b93c70bcd:g:NMMAAOSw7U5gjzMI,
"Nintendo Switch 32GB Console with Gray Joy‚ÄëCon, Pro controller,  Case and 1 Game",Pre-Owned,$247.50,5.0,0,https://www.ebay.com/itm/133750034180?epid=25034355190&hash=item1f241f8f04:g:-BQAAOSwjJZgkLAq,
"Used Nintendo Switch Console, 3 Games, Pro Controller, Smash Bros, Zelda, Case",Pre-Owned,$182.50,4.5,0,https://www.ebay.com/itm/224450361954?epid=16029037217&hash=item344248ba62:g:P8MAAOSwYRRgkXO1,
Nintendo HAC-001 Switch Handheld Game Console Tablet Only TESTED WORKING,Pre-Owned,$107.50,Tim,0,https://www.ebay.com/itm/194080341248?hash=item2d3016fd00:g:X9kAAOSwdEhgbMLM,
Nintendo Switch Handheld Gaming Console Black Joy-Cons 32GB - SH1324,Open Box,$299.99,5.0,0,https://www.ebay.com/itm/333989604115?epid=25034355190&hash=item4dc354eb13:g:NhsAAOSwhyNgkah0,
Nintendo Switch Animal Crossing: New Horizons Console Bundle + Game,Brand New,$459.69,Pre,0,https://www.ebay.com/itm/193787437287?hash=item2d1ea1a0e7:g:PIgAAOSwOQ9fzr2G,
Nintendo Switch Console Red/Blue JoyCon+Officially Carrying Case+FREE SHIPPING,Brand New,$300.00,Tim,0,https://www.ebay.com/itm/144020131279?hash=item218844cdcf:g:3ZcAAOSwocZgdjnQ,
Nintendo Switch 32GB Neon Red/Neon Blue Console with Carrying Case,Brand New,$348.00,4.5,0,https://www.ebay.com/itm/174565250498?epid=16029037217&hash=item28a4e655c2:g:IB8AAOSwS4df46Lu,
Nintendo Switch 32GB Neon Red/Neon Blue Console,Brand New,$276.00,4.5,0,https://www.ebay.com/itm/353472538088?epid=16029037217&hash=item524c9ae5e8:g:ukwAAOSwvPVgh4BB,
Nintendo Switch Lite Console with game **READ DESCRIPTION**,Pre-Owned,$195.00,Wat,0,https://www.ebay.com/itm/194101106884?hash=item2d3153d8c4:g:xmsAAOSwUhtgkqJX,
Nintendo Switch Game Console Bundle with Joy-Cons (Updated HAC-001(-01) Model),Pre-Owned,$214.95,Tim,0,https://www.ebay.com/itm/254960800036?hash=item3b5cd91124:g:I9YAAOSwu8pgivp3,
Nintendo Switch 32GB Console with Chrome Gold color. Must see! UNIQUE!,Pre-Owned,$250.00,Tim,0,https://www.ebay.com/itm/174757629630?hash=item28b05dcebe:g:f8IAAOSwzPxgj3sw,
Nintendo Switch Console - Black (HAC-001) / Red-Blue OEM Joy Con,Pre-Owned,$309.99,Wat,0,https://www.ebay.com/itm/224445566586?hash=item3441ff8e7a:g:lt0AAOSwoWVgjMWC,
Nintendo Switch Animal Crossing New Horizons Special Edition 32GB Console,Brand New,$379.50,5.0,0,https://www.ebay.com/itm/274761522676?epid=4037037457&hash=item3ff9101df4:g:OWcAAOSw~WRgAJS1,
NEW Nintendo Switch Lite Handheld Console (Gray/Yellow/Turquoise) REGION FREE,Brand New,$218.49,5.0,0,https://www.ebay.com/itm/124168486127?epid=17033847403&hash=item1ce904bcef:g:N1wAAOSw4Gdep4Co,
Nintendo Switch Animal Crossing: New Horizon Special Edition Console ,Open Box,$337.99,5.0,0,https://www.ebay.com/itm/393283538139?epid=4037037457&hash=item5b91868cdb:g:fawAAOSwQfdgjEps,
Nintendo Switch 32GB Neon Red/Neon Blue Console,Pre-Owned,$255.00,Tim,0,https://www.ebay.com/itm/265147237559?hash=item3dbc01c4b7:g:CdEAAOSwTEtgkD0h,
Nintendo Switch Console System Bundle - Black  - FAST SHIPPING!  410a,Pre-Owned,$278.99,Wat,0,https://www.ebay.com/itm/184763730013?hash=item2b04c6c85d:g:i3IAAOSwxRpgcbo3,
Animal Crossing Nintendo Switch¬†CONSOLE TABLET ONLY,Pre-Owned,$202.50,Tim,0,https://www.ebay.com/itm/265141494593?hash=item3dbbaa2341:g:FBEAAOSw9OFgik9x,
LATEST NEW Nintendo Switch Console HAC-001(-01) Animal Crossing Special Edition,Brand New,$368.84,5.0,0,https://www.ebay.com/itm/254809613992?epid=4037037457&hash=item3b53d626a8:g:UTUAAOSwEOhf2ctT,
üî• Nintendo Switch 32GB Game Console w/ 2 Neon Blue/Red JoyCon V2 Model FDX 2Day,Brand New,$365.75,4.5,0,https://www.ebay.com/itm/303520702106?epid=16029037217&hash=item46ab3e5e9a:g:9pQAAOSwUxhe4F7J,
used nintendo switch console bundle,Pre-Owned,$280.00,Wat,0,https://www.ebay.com/itm/124697075652?hash=item1d08865fc4:g:AfEAAOSwBxJghekQ,
Nintendo Switch Lite (Gray) Console System GREAT CONDITION FAST SHIPPING,Pre-Owned,$102.50,5.0,0,https://www.ebay.com/itm/184809845548?epid=22034582100&hash=item2b0786732c:g:YsMAAOSwo5tgj2lU,
Nintendo Switch 32GB Neon Red/Neon Blue Console,Pre-Owned,$355.00,4.5,0,https://www.ebay.com/itm/144027695725?epid=16029037217&hash=item2188b83a6d:g:eQ4AAOSwq05gj1Vy,
Nintendo Switch HAC-001(-01) 32GB Console with Gray Joy‚ÄëCon,Pre-Owned,$250.00,Wat,0,https://www.ebay.com/itm/363383262356?hash=item549b548c94:g:9gsAAOSwc~dgkLMZ,
üî• NEW Nintendo Switch Console w/ Gray Joy Cons 32GB V2 üî•,Brand New,$409.99,5.0,0,https://www.ebay.com/itm/193643779677?epid=28034636949&hash=item2d1611965d:g:~XkAAOSwUlxfTUBv:sc:ShippingMethodExpress!83402!US!-1,
nintendo switch console,Parts Only,$212.50,Tim,0,https://www.ebay.com/itm/265141297370?hash=item3dbba720da:g:53AAAOSwUrJf~4N9,
**BRAND NEW** NINTENDO Switch Console GAME System Gray Joy-Con BUNDLE,Brand New,$369.99,5.0,0,https://www.ebay.com/itm/284249719547?epid=25034355190&hash=item422e9a82fb:g:UPcAAOSwRVdgbnt2,
Nintendo Switch 32GB Gray Console with Gray Joy-Cons HAC-001 - (UD),Pre-Owned,$199.99,5.0,0,https://www.ebay.com/itm/124709828140?epid=25034355190&hash=item1d0948f62c:g:YJEAAOSw5iVb5Dyr,
Nintendo Switch 32GB Console only - HAC-001 patched,Pre-Owned,$155.00,Wat,0,https://www.ebay.com/itm/265149281529?hash=item3dbc20f4f9:g:HY0AAOSw7~9gkodi,
Nintendo Switch 32GB Console with Neon Blue / Red Joy-Cons HAC-001 - VG - GST11,Pre-Owned,$212.50,5.0,0,https://www.ebay.com/itm/133751147661?epid=23024812516&hash=item1f24308c8d:g:zioAAOSwP8db9aMp,
Nintendo Switch 32GB Neon Red/Neon Blue Console,Brand New,$226.00,4.5,0,https://www.ebay.com/itm/313517659312?epid=16029037217&hash=item48ff1bd4b0:g:n8QAAOSwdepfKFw0,
Nintendo Switch HAC-001(-01) 32GB Console with Gray Joy?Con,Brand New,$344.99,5.0,0,https://www.ebay.com/itm/164176770805?epid=25034355190&hash=item2639b2b6f5:g:aZgAAOSw0rVez9bN,
FAIR Nintendo Switch HAC-001 32GB V1 UNPATCHED Video Game Console ONLY - Black,Pre-Owned,$224.99,5.0,0,https://www.ebay.com/itm/143820898565?epid=15029958234&hash=item217c64c105:g:izcAAOSwsPZgQmPE,
Nintendo Switch 256GB Console with Gray Joy‚ÄëCons and Case,Brand New,$200.50,5.0,0,https://www.ebay.com/itm/274780340577?epid=25034355190&hash=item3ffa2f4161:g:SYgAAOSwzOhgjJRO,
Nintendo Switch Neon Red and Neon Blue Joy-Con Console,Pre-Owned,$182.50,4.5,0,https://www.ebay.com/itm/224449353057?epid=22031750451&hash=item3442395561:g:tIAAAOSwE~9gkLl8,
üî•NEW Nintendo Switch Super Bundle üí• Console+Case+Game and 12 Mo. Membershipüí•,Brand New,$399.99,5.0,0,https://www.ebay.com/itm/193878201516?epid=8042903951&hash=item2d240a94ac:g:2JgAAOSw6QRgG5PH,
Nintendo Switch HAC-001 32GB Video Game System Console w Neon Joycons & AC,Pre-Owned,$254.95,Wat,0,https://www.ebay.com/itm/284281920225?hash=item423085dae1:g:z3wAAOSw9ShgkF6j,
Nintendo Switch HAC-001 Handheld Gaming Console w/ Power supply ,Pre-Owned,$202.50,Tim,0,https://www.ebay.com/itm/353477038726?hash=item524cdf9286:g:A2UAAOSw96xgjDxA,
Nintendo Switch Console MARIO RED & BLUE EDITION Bundle w/Carrying Case New 2021,Brand New,,5.0,0,https://www.ebay.com/itm/373478588609?epid=7043942717&hash=item56f50f00c1:g:eYkAAOSwEm1gOzCt,
NEW Nintendo Switch Console 32GB Mario Red and Blue Edition Bundle EXPRESS 2 DAY,Brand New,$399.99,5.0,0,https://www.ebay.com/itm/333913667655?epid=7043942717&hash=item4dbece3847:g:IXQAAOSwoTlgRbBm,
Brand New Nintendo Switch 32GB Console - Neon Red/Neon Blue Joy-Con,Brand New,$285.00,4.5,0,https://www.ebay.com/itm/265143055445?epid=16029037217&hash=item3dbbc1f455:g:rswAAOSwdq5gjBai,
Nintendo Switch Console with Neon Blue & Red Joy-Con Brand New,Brand New,$290.00,4.5,0,https://www.ebay.com/itm/313511870508?epid=16029037217&hash=item48fec3802c:g:n8QAAOSwdepfKFw0,
Nintendo Switch Neon Red/Blue Console W/ Extra Controllers & 4 Games & Case,Pre-Owned,$290.00,Tim,0,https://www.ebay.com/itm/324601969297?hash=item4b93c8fa91:g:U7AAAOSw9OFgj05b,
Nintendo Switch Animal Crossing New Horizons Edition Console Bundle,Pre-Owned,$324.99,Wat,0,https://www.ebay.com/itm/233980289187?hash=item367a4fe0a3:g:mTcAAOSwMvxgg3iC,
UNPATCHED HACKABLE Nintendo Switch System Console Tablet Only DEFECTIVE Lot of 4,Parts Only,$388.00,Wat,0,https://www.ebay.com/itm/284239334234?hash=item422dfc0b5a:g:zR8AAOSwmapgY6OX,
Nintendo Switch Red Blue Joy-Con HAC-001 Video Game System Console Bundle,Pre-Owned,$289.95,5.0,0,https://www.ebay.com/itm/143697609732?epid=23024812516&hash=item21750b8404:g:DDMAAOSw17ZfQ91w,
BRAND NEW Nintendo Switch Console Animal Crossing: New Horizon Special Edition,Brand New,$364.97,5.0,0,https://www.ebay.com/itm/264904034329?epid=4037037457&hash=item3dad82c819:g:YzMAAOSwZ9BfjE7i,
Nintendo Switch HAC-001(-01) 32GB Console with Gray Joy‚ÄëCon,Pre-Owned,$197.50,5.0,0,https://www.ebay.com/itm/184799162316?epid=25034355190&hash=item2b06e36fcc:g:GAMAAOSwTF1gicnV,
Nintendo Switch 32GB Neon Red/Neon Blue Console.,Open Box,$275.00,4.5,0,https://www.ebay.com/itm/133744893059?epid=16029037217&hash=item1f23d11c83:g:cYYAAOSw1GBgigS4,
FAIR Nintendo Switch Lite Hand-Held Gaming Console - Gray (HDH-001),Pre-Owned,$164.95,5.0,0,https://www.ebay.com/itm/143864707480?epid=17033847403&hash=item217f013998:g:vc4AAOSwcLRfwVug,
"New Version Nintendo Switch Console ,7 Games, Zelda,MarioKart,128gb Card More!",Pre-Owned,$415.00,Wat,0,https://www.ebay.com/itm/333965337170?hash=item4dc1e2a252:g:ZxgAAOSwk2xgfExz,
Red Nintendo Switch Console Only,Pre-Owned,$162.00,Tim,0,https://www.ebay.com/itm/353474937869?hash=item524cbf840d:g:tsMAAOSweYBgihas,
"Nintendo Switch (HAC-001) 32 GB, Black, Blue / Red Joy-Con, Video Gaming Console",Pre-Owned,$216.50,5.0,0,https://www.ebay.com/itm/402819360415?epid=15029958234&hash=item5dc9e7a69f:g:vDQAAOSwG~9gjeDW,
"Nintendo Switch Lite Console, Gray (HDH-001)",Pre-Owned,$118.79,5.0,0,https://www.ebay.com/itm/124709829150?epid=22034912824&hash=item1d0948fa1e:g:shIAAOSwA~Rgke7w,
Nintendo Switch Console Pokemon Let's Go Pikachu Limited Edition - Pre-Owned,Pre-Owned,$333.00,5.0,0,https://www.ebay.com/itm/324603920162?epid=20025867439&hash=item4b93e6bf22:g:jGkAAOSwgYBgkJ8Y,
Nintendo Switch MARIO RED BLUE Limited Edition Console + Carrying Case BRAND NEW,Brand New,$369.95,Wat,0,https://www.ebay.com/itm/363376549561?hash=item549aee1eb9:g:-fQAAOSwyd1gO8cK,
Nintendo Switch HAC-001(-01) 32GB Console with Gray Joy‚ÄëCon,Open Box,$289.00,5.0,0,https://www.ebay.com/itm/265145432039?epid=25034355190&hash=item3dbbe637e7:g:1BwAAOSwRZRgjqbE,
Genuine Nintendo Switch 32GB Gray Console with Gray Joy-Cons HAC-001 - VG In Box,Refurbished,$308.99,5.0,0,https://www.ebay.com/itm/203254180919?epid=25034355190&hash=item2f52e4ac37:g:NqgAAOSwJ5hgCHAb,
Nintendo Switch Monster Hunter Rise Deluxe Edition Console - Brand New In-Hand,Brand New,$487.97,Fre,0,https://www.ebay.com/itm/224184228350?hash=item34326bd9fe:g:FuQAAOSwPuZgai-F,
Nintendo Switch HAC-001(-01) 32GB Console with Gray Joy‚ÄëCon,Pre-Owned,$182.00,5.0,0,https://www.ebay.com/itm/265149329394?epid=25034355190&hash=item3dbc21aff2:g:vJQAAOSwMkpgkpkF,
Nintendo Switch üî• Fortnite Wildcat Yellow/Blue Console Only NO CODEüî• NO CODEüî•,Brand New,$349.99,5.0,0,https://www.ebay.com/itm/254903866603?epid=3043437649&hash=item3b597454eb:g:90IAAOSwoTNf9yEj,
Nintendo Switch HAC-001(-01) 32GB Console with Gray Joy‚ÄëCon,Brand New,$320.00,5.0,0,https://www.ebay.com/itm/313517575314?epid=25034355190&hash=item48ff1a8c92:g:nHAAAOSwRh9gkXFs,
"Brand New Nintendo Switch Red & Blue Edition Console W/ Free Case, Fast Shipping",Brand New,$255.00,5.0,0,https://www.ebay.com/itm/203442622325?epid=7043942717&hash=item2f5e200f75:g:Q8AAAOSwSJdgkb9g,
Nintendo Switch Console Mario Edition,Brand New,$326.00,Tim,0,https://www.ebay.com/itm/114789416623?hash=item1ab9fb7eaf:g:38YAAOSwdU5gdxGf,
Nintendo Switch 32GB Neon Red/Neon Blue Console (used lightly),Pre-Owned,$210.00,Tim,0,https://www.ebay.com/itm/333987483214?hash=item4dc3348e4e:g:8GMAAOSw6vNgcet6,
"Nintendo Switch Console Bundle, Pro Controller, SD Card, Zelda, MK Games, Case",Pre-Owned,$295.00,Tim,0,https://www.ebay.com/itm/194074046949?hash=item2d2fb6f1e5:g:K50AAOSwBlFgiirc,
Nintendo switch console - grey controllers - lightly used by an adult,Pre-Owned,$252.00,Wat,0,https://www.ebay.com/itm/224448773938?hash=item3442307f32:g:WUMAAOSw2gJgib7R,
Nintendo switch console 32gb,Pre-Owned,$180.00,Tim,0,https://www.ebay.com/itm/224450512057?hash=item34424b04b9:g:qsYAAOSwnPtgkeaY,
NEW Nintendo Switch Console 32GB Mario Red & Blue Edition Bundle w/ Case,Brand New,$399.99,5.0,0,https://www.ebay.com/itm/154334081203?epid=7043942717&hash=item23ef0730b3:g:NUgAAOSwm9dgLBVr,
Nintendo Switch Console & Games,Pre-Owned,$465.00,Tim,0,https://www.ebay.com/itm/133745814626?hash=item1f23df2c62:g:fn4AAOSwmqFggNcB,
Nintendo Switch - Animal Crossing: New Horizons Special Edition 32GB Console,Open Box,$235.00,Tim,0,https://www.ebay.com/itm/384136341682?hash=item59704f68b2:g:4ZYAAOSwFU9gkA-x,
nintendo switch console bundle 10 games extra mario controller case,Pre-Owned,$405.00,Tim,0,https://www.ebay.com/itm/133747933560?hash=item1f23ff8178:g:KMcAAOSwrKBgjffs,
Nintendo Switch HAC-001(-01) 32GB Console with Gray Joy‚ÄëCon,Pre-Owned,$205.00,5.0,0,https://www.ebay.com/itm/353482073051?epid=25034355190&hash=item524d2c63db:g:aZgAAOSw0rVez9bN,
Nintendo Switch Super Mario Odyssey Edition Console with Red Joy-Cons NO GAME,Pre-Owned,$304.99,5.0,0,https://www.ebay.com/itm/184801564895?epid=239125635&hash=item2b070818df:g:DU4AAOSwu55gi1yu,
NEW Nintendo Switch System Console Replacement TABLET ONLY HAC-001 Hackable V1,Brand New,$429.99,Wat,0,https://www.ebay.com/itm/303567180613?hash=item46ae039345:g:C2IAAOSw1mZegy3C,
super smash bros ultimate nintendo switch console,Pre-Owned,$375.00,Wat,0,https://www.ebay.com/itm/174752325059?hash=item28b00cddc3:g:FYIAAOSwrZ5gjFhe,
NEW Nintendo Switch with Gray Joy‚ÄëCon Handheld Gaming Console,Brand New,$394.99,5.0,0,https://www.ebay.com/itm/293534942748?epid=28034636949&hash=item44580bc61c:g:mJYAAOSwChheh40p,
NEW Nintendo Switch Console 32GB Memory with Neon Blue and Neon Red Joy Cons.,Brand New,$345.00,4.5,0,https://www.ebay.com/itm/294161046419?epid=16029037217&hash=item447d5d5b93:g:g~MAAOSwSYJgkrZd,
NEW Nintendo Switch Game Console 32GB Neon Red Neon Blue Console+Choice of Game!,Brand New,$389.99,Fre,0,https://www.ebay.com/itm/193898333421?hash=item2d253dc4ed:g:6qkAAOSw7oZgLXDN:sc:ShippingMethodExpress!83402!US!-1,
Nintendo Switch Console with Neon Red and Neon Blue Joy-Con with one game,Pre-Owned,$300.00,5.0,0,https://www.ebay.com/itm/373567248245?epid=23024812516&hash=item56fa57d775:g:UdYAAOSw329gh6Vj,
Nintendo Switch Console Bundle 32GB with 3 Games Mario Smash Zelda,Pre-Owned,$449.99,5.0,0,https://www.ebay.com/itm/113857860057?epid=23024812516&hash=item1a827511d9:g:afoAAOSweXddWW3-,
Nintendo Switch Mario Red and Blue Limited Edition Console NA Version BRAND NEW,Brand New,$334.99,5.0,0,https://www.ebay.com/itm/333887988841?epid=7043942717&hash=item4dbd466469:g:~VUAAOSwRVpgJtuV,
Nintendo Switch Console Neon Joy-Cons HADSKABAA V2 Enhanced Battery NEW 2020,Brand New,,5.0,0,https://www.ebay.com/itm/373176937858?epid=27035375517&hash=item56e3142d82:g:22AAAOSwqxddUiDG,
Nintendo Switch UNPATCHED Console ONLY XAW70006018385 - Unbanned! Tested! üî•,Pre-Owned,$294.99,5.0,0,https://www.ebay.com/itm/284283851060?epid=16024806629&hash=item4230a35134:g:OhYAAOSw9~lgkqGK,
Nintendo Switch Neon Red/Neon Blue Console Bundle W/ 4 Games,Pre-Owned,$350.00,4.5,0,https://www.ebay.com/itm/353481704233?epid=16029037217&hash=item524d26c329:g:ozQAAOSwRJ9ggs9s,
Nintendo Switch Console Mario Kart 8 Deluxe Bundle w/ Neon Blue/Red Joy-Con,Brand New,$399.00,5.0,0,https://www.ebay.com/itm/324392538442?epid=24027530862&hash=item4b874d514a:g:ZeEAAOSwIFhfwC~d,
Nintendo Switch Refurbished 32GB Console ONLY HAC-001,Refurbished,$184.99,5.0,0,https://www.ebay.com/itm/203225669216?epid=23024812516&hash=item2f51319e60:g:-4YAAOSwv5NbKBRF,
Nintendo Switch Gray Joy-Con HAC-001 Video Game System Console Bundle ,Pre-Owned,$289.94,Wat,0,https://www.ebay.com/itm/402380270089?hash=item5dafbbaa09:g:wIMAAOSwopFfFwhj,
"NEW, Nintendo Switch Mario Red & Blue Limited Edition Console w/ Carrying Case",Brand New,$339.99,Wat,0,https://www.ebay.com/itm/174757118330?hash=item28b056017a:g:-hEAAOSwsnZgT~wC,
Nintendo Switch Console Game Bundle 3 Games Extra Joy Cons Excellent Condition,Pre-Owned,$425.95,Wat,0,https://www.ebay.com/itm/124708544536?hash=item1d09356018:g:uRIAAOSwkhJgkB11,
Nintendo Switch Console with Grey Joy-Con,Brand New,$286.00,Tim,0,https://www.ebay.com/itm/154432580000?hash=item23f4e629a0:g:Qs8AAOSw2jdgfFNc,
Grade B Nintendo Switch 32GB Replacement System Console Tablet Only UNPATCHED,Pre-Owned,$85.00,Tim,0,https://www.ebay.com/itm/284282149211?hash=item423089595b:g:UCoAAOSwDv5gkKbs,
Brand New - Nintendo Switch Console Mario Kart 8 Deluxe Bundle FAST SHIPPINGüî•,Brand New,$398.00,Wat,0,https://www.ebay.com/itm/265148801985?hash=item3dbc19a3c1:g:g~sAAOSwVrZfyLxe,
üî• Nintendo Switch Console+Fortnite/Mario Kart 8/Monster Hunter Rise Ltd Bundles,Brand New,$396.75,Fre,0,https://www.ebay.com/itm/114557583313?hash=item1aac29ffd1:g:Er8AAOSwAHRgeoE9,
üî• Nintendo Switch V2 Console HAC001 Mario/Neon Blue+Red/Gray/Animal Crossing üî•,Brand New,$368.75,Fre,0,https://www.ebay.com/itm/293833240581?hash=item4469d37005:g:nDQAAOSwkMBgWEPu,
REPLACEMENT NINTENDO SWITCH CONSOLE * BRAND NEW * TABLET * LIFETIME WARRANTY,Brand New,$229.89,Wat,0,https://www.ebay.com/itm/174459068464?_trkparms=ispr%3D1&hash=item289e922030:g:rJMAAOSwCwJfdQge&amdata=enc%3AAQAFAAACkBaobrjLl8XobRIiIML1V4Imu%252Fn%252BzU5L90Z278x5ickkSG%252BOFgrj2Yvbvmrj2TAdM57YMYtvCFjKw9kOVl1yCzFCuwsT5K5%252FQrdbyKCimUGAcNgVVXBb%252BzabCnhIPAMy8XK%252Fo6zOBlCSbG9%252BPVsFgLj%252BjB%252FqzFi4qwQ%252FzgPuFHmsF87XmLNic0Bloc6jLZZfOK2RtII1wNWc8%252FW9bk4X6H3iYHojNRIwxbDJcjm7d%252FsYiDBSUcEP5EA7aZn4WD6OiU2fdUvI7xYWi0LEz3dNp6egPKenk34UmlLAC7mhs7JJUwCGDblBY1CLgoz5paQMTDoxFvlZ4CYwo4OqNH4n%252FmTVSABcqlavBDX2obvze2P%252Bdib60E%252FrEOmJ6fU%252BGh4CcinduKtGQ011q3kcbyMFMHpHDOyvYvhPTWkGKQ2jZ36hq5m8Yp1yc%252F6UwedmGCCld9mE7QILTSwHLRmbtMqOoKFkiRNo7WclyT7lG5gsAO5WUpzN1%252FYGba8gz8uTgScoZXMf3XJOD1rwaUvf6pJhcKHN53oIZ519L1lrZ7rWvAFI3Blw0V2sXy558LmQeKjdL3bR0U2CdiEbxjUQYTsW3vzbi3DuQIAVRrudjjMXF%252FGQ3QcPyQ%252FAAVRvMyt9JGY4ROCf1pdBrBN58mw7XUyeE3D0UAr3X2nXss%252BZD1JhhhqR4uYkSWb%252Bg9M1GHZXqVUNAQSTHGuknIKcygQsKQZhZP6ZOM10iYfXVji2zjbEn%252BYSirqJxN%252B5DqF%252BwaPUUHfiMVpeLz8xfUcp%252FeyneeHlZQkz8fN4sO7u30MCPA3sbAtu9A9csUXz12ksrRxLF8gqDALryNZscnhfKobUKyK4a%252FPhah9%252BWm7SWvTAN%252FLfhjf%252F%7Ccksum%3A1744590684649706983cbc9748b4935edae9dfce1c85%7Campid%3APL_CLK%7Cclp%3A2334524,
‚úÖ Ships Fast! Nintendo Switch Monster Hunter Rise Deluxe Edition Console IN HAND,Brand New,$459.99,Fre,0,https://www.ebay.com/itm/284247302473?_trkparms=ispr%3D1&hash=item422e75a149:g:AUoAAOSwsspgdkUz&amdata=enc%3AAQAFAAACkBaobrjLl8XobRIiIML1V4Imu%252Fn%252BzU5L90Z278x5ickk7PdDazAlGltMLJlUhrWsD%252FaIGpbDqIfzunzlqNOfx060MqUkgJkmskVANVr8DW0SA0c42PgZarBpteFrHszZTo3QqyNGHM6MaRyPpexH0d7qygyZw1ZeBDNg4VeVCUDC5AuPMD8daACoYThHYxN16128uzyrUdbHSZOVs2QJCXvyGhr5clCgLRvXhMsbk100STwQcdTT2wZo4OagcArNomdJKi3NIrWASYqqmxL6RjGXiOuqsIlQXa%252BdDsAL3v2Jl0M4EevhW4zeFdLXoKfJgS%252FXqbVKSg25lBi9hm4TydrwOjQDYPYon5ud6Q6WjirTMyK%252B2bn%252BenFSmIk3pV2ugOekq94lAfoIYLHGzaFSItaaEjYnnfoCw2acxXHSNS%252Fe7IF%252BsEDuYMTtIF93snsqn1mwCG87Q8K02IjXYX6yCJ%252BtNSBLFsplo%252FsekrLRulbLRqNyIf3%252BIH1CR7ju0ZsdBhNmrea%252FsWpohPDBGgsqbLUiAFQivnA4Y2uVvUXnwwZdgUm4%252FheRbNd1lM8eCqhHqMp1NtLvvojlXvFS4F5awwtTsmIn6ihIItoweYxc3eXdpyG0K1zw8x4Z6sdPqh1h89KPEl3g7FLzPeD4tcjaLJu%252F5DzWYr%252Bq2prZpDaF6%252F1BWBPmKNY87JfBm%252FqhbNhNTKeWNWhqP5OKhMmSeQYkjTw8p02sM5uMm3dKI5rCE4fEZ94p0a4lSotz0vsPx0SFylqH53Vus7AlOa3DKgxMgEmzEJ3sELl%252FDPygk%252Fwbhlv3cXWFWC30kyNOG11MUKys%252BjSdxP9TGQCBRoKnyDSwYFjohi2RdonX99tsX%252FplHFZ0%7Ccksum%3A2842473024739706983cbc9748b4935edae9dfce1c85%7Campid%3APL_CLK%7Cclp%3A2334524,
Nintendo Switch V2 32GB Neon Red/Neon Blue Console,Pre-Owned,$329.95,4.5,0,https://www.ebay.com/itm/164850153896?epid=16029037217&hash=item2661d5b9a8:g:4jAAAOSwxdtgkhHD,
Nintendo Switch 32GB Neon Red/Neon Blue Console,Pre-Owned,$305.00,4.5,0,https://www.ebay.com/itm/294152324705?epid=16029037217&hash=item447cd84661:g:ns0AAOSw0gJgjIel,
Animal Crossing Nintendo Switch¬†CONSOLE TABLET ONLY,Brand New,$199.99,Wat,0,https://www.ebay.com/itm/265094134210?hash=item3db8d779c2:g:n74AAOSw7yxfqhz6,
NEW Nintendo Switch with Neon Blue and Neon Red Joy‚ÄëCon Handheld Gaming Console,Brand New,$379.99,5.0,0,https://www.ebay.com/itm/164266706303?epid=16034420778&hash=item263f0f057f:g:YO0AAOSw5Pte-MX-,
Nintendo Switch Console BUNDLE HAC-001 Plus 3 Games ,Pre-Owned,$198.50,5.0,0,https://www.ebay.com/itm/154437630391?epid=25034355190&hash=item23f53339b7:g:dxwAAOSwFzZgjzzg,
Nintendo Switch Console (Joy-Cons)  + 128 GB Micro SD Card ,Pre-Owned,$294.99,5.0,0,https://www.ebay.com/itm/402825646279?epid=25034355190&hash=item5dca4790c7:g:xskAAOSwAMVgfxTo,
Nintendo Switch Console Mario Red and Blue Edition WITH CARRYING CASE ,Brand New,$369.85,Wat,0,https://www.ebay.com/itm/133698217459?hash=item1f2108e5f3:g:pogAAOSwYQZgU~aO,
Nintendo Switch 32GB Console With Gray Joy-Con (Newest Model V2) Brand New,Brand New,$379.00,5.0,0,https://www.ebay.com/itm/154014752336?epid=25034355190&hash=item23dbfe9e50:g:fbUAAOSwA2pfFgyy,
Adult-Owned Used Nintendo Switch Console Bundle,Pre-Owned,$405.00,Tim,0,https://www.ebay.com/itm/224447906651?hash=item344223435b:g:inIAAOSwbPtgjyrh,
Brand new! Nintendo Switch Console Neon Blue & Red Joy‚ÄëCon (V2) - Free Shipping!,Brand New,$379.95,4.5,0,https://www.ebay.com/itm/184236177906?epid=16029037217&hash=item2ae554f9f2:g:-tEAAOSwSPVemJ~T,
Nintendo Switch 32GB Console with Gray Joy-Cons -NO ORIGINAL BOX,Pre-Owned,$225.00,Wat,0,https://www.ebay.com/itm/254960947358?hash=item3b5cdb509e:g:bPcAAOSwP3dgYYyy,
Nintendo Switch Limited Edition Red Console Tablet Only,Brand New,$264.99,Wat,0,https://www.ebay.com/itm/265093354091?hash=item3db8cb926b:g:u0kAAOSwA8FgNdyK,
Nintendo Switch Lite Gray Handheld Gaming System Console ,Pre-Owned,$164.95,5.0,0,https://www.ebay.com/itm/143688747272?epid=17033847403&hash=item2174844908:g:KZwAAOSw1u5fPqQv,
Nintendo Switch Console 32GB Mario Red & Blue Edition Bundle w/ Case - Open Box,Open Box,$335.00,5.0,0,https://www.ebay.com/itm/393294710439?epid=7043942717&hash=item5b923106a7:g:vAoAAOSw6-Jgka0t,
Nintendo Switch Lite Hand-Held Gaming Console - Turquoise (HDH-001),Pre-Owned,$184.95,5.0,0,https://www.ebay.com/itm/133582731730?epid=19033843702&hash=item1f1a26b9d2:g:dyEAAOSwa6Jft-ka,
Nintendo Switch Dock & Joycon Animal Crossing New Horizons (NO CONSOLE),Brand New,$189.99,Wat,0,https://www.ebay.com/itm/265105960672?hash=item3db98beee0:g:CdUAAOSwY0BfhORj,
Nintendo Switch 32GB Gray Console w/ Neon Red & Blue Joy-Con Controllers HAC-001,Pre-Owned,$248.00,Tim,0,https://www.ebay.com/itm/294148569499?hash=item447c9ef99b:g:GMMAAOSwCytgicqL,
Nintendo Switch 32GB Dark Blue/Yellow Joy Con Fortnite Console. NEW FAST SHIP,Brand New,$200.00,4.5,0,https://www.ebay.com/itm/233995809813?epid=16029037217&hash=item367b3cb415:g:GnAAAOSwq4lgkfzv,
nintendo switch lite console,Brand New,$145.00,Tim,0,https://www.ebay.com/itm/154441002726?hash=item23f566aee6:g:LK8AAOSwv89gkqIR,
Nintendo Switch 32GB Neon Red/Neon Blue Console,Brand New,$226.00,4.5,0,https://www.ebay.com/itm/313517244839?epid=16029037217&hash=item48ff1581a7:g:kbUAAOSwiWhgkTIP,
NEW Nintendo Switch Console 32GB with Neon Blue and Neon Red Joy‚ÄëCon,Brand New,$384.99,4.5,0,https://www.ebay.com/itm/353018636495?epid=16029037217&_trkparms=ispr%3D1&hash=item52318ce8cf:g:Wb4AAOSwY2peeNKg&amdata=enc%3AAQAFAAACgBaobrjLl8XobRIiIML1V4Imu%252Fn%252BzU5L90Z278x5ickkWpEuxXwAiCNKyBQsQ5%252Fe6y%252BxJaNu0H%252BHVeuVQWKCkujn5yOJ%252FPnIVuiTO7%252FRqsnMvn2%252BwR9x8ZQPx32GqB%252Bgjm9NM16W6HZiigl5obT8e9BYYadCtPM0SvEmaRZxuVN6LpY2MeTwDXc8lvoKflMfoO3TkrUUT6zhBUUHbippf4sL%252FjCGd%252Bau0WKtNWqgILFvkjBmGLouRVqf4LKioqowxU%252BU0WrEq%252BcIcza1FJ1E2W%252BLqrlgsbMEvgkrTZIeD%252Bb8jmEl9Kct1F5%252BRcAgIPzPoszZ4m8rj58GgWSFp9IRMaHMdY2tpRWog2W5XLTTuxwF7awGa%252FDVvkwWKSNFW637oaqtnKLNvz%252B4oyUa%252BAL9KPJxcHvxf3lVvqRNJ6OCnHbHbcDoxA7oOd6bfdU8NGlxcxhSJNxLTpQ3aLB743vjYrcyl3sNRt9GGmzN8VqeYYLe0ubnwS%252BV6wf%252BxQa6nCYPQrLcapK%252F7b9zPp2FdiCJRPT9MPgLqUtGr0SmCyH6y4jKlPw0Rh03wvwTSTACmZ3htMdgxqwRqSLHBlnAcr2S9WhcUV%252BtsDR5odn9NX9FBjpi250tiZgToKza1CcD5FOihOAoZRSVpZ%252FVdnAcBsT0BWj8PzIpD4YwVL2d9p4WzjOgx3TzkAigaOyJ2VZnIFcuWJOuXpkmABkMZ9DZQHgfPlxAUIBiXjCDUgWRJe67SfnKxeDr5CLfdmdOUb3oO97UvKqwJn%252F1ZEGMtDUfiCWATl1cA8NsNnunhdRV6AYX%252FsvQnnK7U9HdC6pJP9JrPnO9dfdWBpUV0xbqXoplzNgtGUk%253D%7Ccksum%3A3530186364959706983cbc9748b4935edae9dfce1c85%7Campid%3APL_CLK%7Cclp%3A2334524,
Nintendo Switch Animal Crossing New Horizons Console SPECIAL Edition üöö2DAY SHIP,Brand New,$379.99,5.0,0,https://www.ebay.com/itm/164432477467?epid=4037037457&_trkparms=ispr%3D1&hash=item2648f07d1b:g:JZkAAOSwk8pfu9vC&amdata=enc%3AAQAFAAACkBaobrjLl8XobRIiIML1V4Imu%252Fn%252BzU5L90Z278x5ickkfOCvCjTOBWK8pwriaolq5nawTTdxomacoO9pFyI11cQSZD7cxa5zAp1i3GLFZHGiFOgNlPgO3KOvoqD7S73%252F%252F1U9klEOA1yn86P3eyRBREscBKNbdPhtCdTBxu%252BDLZR6s0jzGh3XFft94c27q98CmyCB7LoGeqbfoLjK2gULiX6v7az67ObC05Q0SuaiOzXPVwNLNvlZrRWnhb3SBwlkuiBhFTQpsFPKRMb3nL%252BahA0HWPh5pVy%252Bf6HzjI%252B3xX9LaqaYr4qgZUEpSUnBUolS%252FmHDrY9ZIovrndBoA%252FeuVP3IkFNPSVGZ0FGPB0Rd0oN%252BQwjfVnEzwqs6yrcjDy1SwULT8mvapVuwiiZD%252B40qood71gwM0Y1LhB1mR8dHki2Bs0WZWadqdG8KutnDWfGWkQrKVnbGZLCVIzSkIWGEnf%252Bi2oScGqlsZyORPvdgNhY77hz0D5zM%252FmSKbVQ34J6Iu0pk%252FNPjaBaTjFMM7vftlfRwphoC%252FjSUK2SFkBDyti6ArScMwVR0h5ORDbMg%252BWEMb%252BntvdxLj2iLeLOzcxptPMSAjn5hhGZIaMRp4QxZ6ASFUEEdbkfjytF8RVYT1X1dCFlKLyfpgNIDBTT0iINo3uhIK4bQDQYOJMrmaKO3BRWaOmxo1Z1x%252BxAzIdt0tqFakVhLb99xQ4alTDe8ONdb5jtAsxBxUlLnOMCrpXcvf2FxePpM8j1%252BduFMdHkY%252BYXvmlw4dpeeI4Beufi61EVE8lKX%252FH4hDX0a5uC2hq2lFjiBFjYvG31K%252B6rs0NXVuZl1p%252BHl10U3kRwv9OY3h1BUtBHYlxmWl7ciamEMtTpbc7tN%7Ccksum%3A1644324774679706983cbc9748b4935edae9dfce1c85%7Campid%3APL_CLK%7Cclp%3A2334524,
Nintendo - Switch - Animal Crossing: New Horizons Edition 32GB Console,Brand New,$379.89,Fre,0,https://www.ebay.com/itm/114479894792?_trkparms=ispr%3D1&hash=item1aa7889108:g:W3sAAOSwHipgkb0J&amdata=enc%3AAQAFAAACkBaobrjLl8XobRIiIML1V4Imu%252Fn%252BzU5L90Z278x5ickkAgU0umhwUTmgTFbE5cu7zd6KcK6FlH8yrhLUt9uh%252BWBrkW756Qniisosu4ot0rEsiR5SOzIhGsrrv9jPm1G1X4UuvR8apH5lkEzYtJvuzOzW0cOVvBA%252BPb1FyOzFpaqbGJ2zBB5B3NoFw7W8Tr0cWaZqst9rBV2FzD27hvHx6DQUKl75FqcB6wp%252FrHo9dX71ikSjslDl3fkb68EJMvjWKDxBYmDiL8d4OtNtkMU8rxD7EZA6%252Fuc2DJJKQsR455o%252Fe2KBwakHW39u1Fjo9Q3%252BTQF6ZxkZ4YoVZ6GcInkal7ZN5Raof36jFLPedHIn%252BceJSuKKI6c4D%252FhZuLJXURNohAGPL1m7vT0lVrSp2GAcBgCUbTeLf2btb%252BoLtBv%252FQmpF4NteEdsjmmBJ6619m96iGOUr6ONcRFFYrhfn6BTdHK8VUXAxzAWQmNd%252FKTYK27AKohlOVtiP%252BS1pzVlXZIRP7ZTpClnC3snVHdKJWpAOXPPdQZmAeNSQcgLvE%252F0bYxdGXYjGlpuWCSylb2gFTE2qgrLx0DY1Y43Y31kIO52N9akiu0kUgB05Ci05fixY%252FwTorGdd69gJf2VuzWkhyBncpY3fJ07pF6%252BSBpcSeauDXKPb7iD%252BozgNcp0HWPCYgkR3HPcr8OaMDpdUtVCXH5KpLOyTpmfywMDc8hQPmw%252FWkZ3sC2%252Fw5ndKlOdRFyJHZhRyOqX0kmKvVpbuQiR8uBy%252FbYtbVZa8XZ4JYWvSJVCgiqWy9H7hRWLp8A3HVHoh9hPMvCOvsJuV6IJnzs8%252B%252FAtOKjX8rY%252BtNZ4xtUFp3lpKMUfWD3kkGJu0p858YjudAv88%7Ccksum%3A1144798947929706983cbc9748b4935edae9dfce1c85%7Campid%3APL_CLK%7Cclp%3A2334524,
"Nintendo Switch Bundle (console, controllers, games, SD+more)",Pre-Owned,$500.00,Tim,0,https://www.ebay.com/itm/402823758812?hash=item5dca2ac3dc:g:5L8AAOSw6XNgkYBH,
Nintendo Switch UNPATCHED Game Console Bundle with Joy-Cons (HAC-001),Brand New,$307.00,Wat,0,https://www.ebay.com/itm/353475498102?hash=item524cc81076:g:oWsAAOSw3gNgiqsX,
Nintendo HAC-001 Switch Gaming Console with Neon Blue and Neon Red Joy-Con,Refurbished,$319.00,5.0,0,https://www.ebay.com/itm/112486676782?epid=23024812516&_trkparms=ispr%3D1&hash=item1a30ba792e:g:6b8AAOSwGOVeQt2Q&amdata=enc%3AAQAFAAACgBaobrjLl8XobRIiIML1V4Imu%252Fn%252BzU5L90Z278x5ickkAgU0umhwUTmgTFbE5cu7zd9DeRWFRTvX0%252FsLt3mVkW5mc8RFGRh6feg1qB063pyw8w6emgxr95VlxlPJ15kdG4aohb%252BD5JAouyY2QD3Fr17NTEjmyClHlzUJuAzC0oZ03By7LfoR5sU6jf%252FpXY4q%252BIquKq1v%252FHwpZihEdh9gtCe52zIm1U6ahuETnDzi1UdqmFc5szDI3zEOL7sCzI99OZwwaophGnAHTYjmmszhGphK1tyt%252Fl7t4w2d5bbynEbQm%252FJ2T0jjVvZ7T4f5fr600jeWtV8kDJVyRxNALFf3acULgmaRmEK3HFYs2O8hC1lPWaSDnXUcPpG4TNoMGs%252FY9B84UnCrRR%252Ft4O8%252Basf5p59EVFzvsA%252FxzPOAQDKVKGe53PQgWKMMW%252BC35p8xcMGP08%252F6Ss3isAhvzCr6iq38oNXWJGOqJFt010MzY9JlqVosa8zCzsbyJx18gugbTQ%252FCkuIR87JUOHmJ4ZYEHEfOxDyc%252Fyll7TdqaRwYCzVy5dc1CfikL0idgFTXkNaMwTGWhlggdQ7y6ewa211rHJdQ0ZQEvpsR8H%252FbZJzB5l5k%252B85cv9QxTNYVJMsdu7sNwIpX3mZkS9xt0lT6F%252BkLGtfzjpSVlwVOZv0cE2FllK10ZfP7bvpxFx%252BqCZz0%252FDiXPKOLQujDOQ6VJ%252FzN283LsqOFVaIEG9KQhZynGVNQTxucu50VHr06HZHK8dKMm26EMXNB1gidI76%252BSoGOkQrGKR4ntJrf8r1l5hQiCItAJ59WrnXnMz269umlFJM%252B0hSpxnQS1ymVnILKvqZd%252FxKVnajlxbQ%253D%7Ccksum%3A1124866767829706983cbc9748b4935edae9dfce1c85%7Campid%3APL_CLK%7Cclp%3A2334524,
NEW Nintendo Switch Console w/ Gray Joy Cons 32GB V2 ,Brand New,$379.99,5.0,0,https://www.ebay.com/itm/194101794718?epid=28034636949&hash=item2d315e579e:g:~XkAAOSwUlxfTUBv:sc:ShippingMethodExpress!83402!US!-1,
Nintendo Switch 32GB Console only - HAC-001 patched,Pre-Owned,$159.00,Wat,0,https://www.ebay.com/itm/265143227585?hash=item3dbbc494c1:g:404AAOSwcW9fm74J,
Nintendo Switch 32GB Console with Neon Blue / Red Joy-Cons HAC-001 - VG - GST12,Pre-Owned,$202.50,5.0,0,https://www.ebay.com/itm/203442697319?epid=23024812516&hash=item2f5e213467:g:zioAAOSwP8db9aMp,
Nintendo Switch Fortnite Edition Console (Tablet Only) Brand New No Joy Con ,Brand New,$219.00,Wat,0,https://www.ebay.com/itm/393148082953?hash=item5b8973ab09:g:8ywAAOSwdPJgM~zz,
Nintendo Switch Lite Console (Gray) + 8 games + rubber shell + 128GB SD more,Pre-Owned,$300.00,Wat,0,https://www.ebay.com/itm/233996593093?hash=item367b48a7c5:g:LhgAAOSwYJpgkq12,
Nintendo Switch Console with Neon Blue & Red Joy-Con Brand New,Brand New,$374.99,4.5,0,https://www.ebay.com/itm/274388500574?epid=16029037217&_trkparms=ispr%3D1&hash=item3fe2d4405e:g:I6cAAOSwCMBe2eQU&amdata=enc%3AAQAFAAACkBaobrjLl8XobRIiIML1V4Imu%252Fn%252BzU5L90Z278x5ickkY3FSd4Ad8xn3oRtkVexxrNo8iBL5SH07R47hzzyiTMI7CNm2Sp1wz1StSw8F4AinqOTYK7upyELJIaW2fD%252BYJPvaOofIVYKFDHvQ6VUgncUa2hqQol8Zlg3coUT4MpRyrXtzeIrcTrKA773U5eUsnUpYXJqvJ5I3csjNgQOhHDD39NH8EyCocTz9w47u6fH21JBr%252FK6g17mflvETk00qjCe0T%252FXRvNDA5cSRdB%252B%252B%252FF%252FcByr4yrwemO5bgkTFdCVL4sQE2Hy2CzgTHtksOPLzAbfl58GDbSUKlO9EZq3R1YqThAqH1ZS2AQ3%252BP%252BIU9EaNJz4aMWMc%252B6ZYM80ZpJs%252BEuso3%252F2a%252F4%252BgHDNoyHR8WE9L1mx85uWFhdXU3aLFQ326KwmwnFGIpqLAC7W5rQYwpNQRwQKV4gVrSr4i%252FHacw9O%252F0RHwwsiJFFPtOTypmOLj5WFbqGszwGoQMSmKNLYIN%252Bn90ZHp6YhdsRTzluHnlBn3oAMQxd1v3SuPnHGQz9ojvvCpcw10HKGhVPmR0LgOm%252BN57JfFXLrOHaDBUgihnThMPLr1UKPk5VbYoTCExlJHgfgVJ65JKk0BNfDko985K1ehHJed6rSgb2qdSAXktJefOmBK29LV4n9UeNoxkc76Y9f8EdSJmU4Gi56ScxhXAStwa59qNkDLTJ7g6QGD20OtYeur5Zf90WZqwbuijMXuSguTvJtkBeiB69QlwpEWsoZwBhM32pLIuRIgFH9U8G98NaRr0J3gX0ixArl1WlwDYElx2%252BO8FIxjmKMnGZOw97A4dp55N6gNZ%252Fl%252B%252B2j4HxbXhSFHncx62%252BxDBC4NU1Tc%7Ccksum%3A2743885005749706983cbc9748b4935edae9dfce1c85%7Campid%3APL_CLK%7Cclp%3A2334524,
Nintendo Switch Animal Crossing: New Horizons Special Edition Console Bundle,Brand New,$399.99,Pre,0,https://www.ebay.com/itm/124630713740?hash=item1d0491c58c:g:V2sAAOSwex5gT3Kx,
NEW Nintendo Switch Console 32GB Memory with Neon Blue and Neon Red Joy Cons V2,Brand New,$378.99,4.5,0,https://www.ebay.com/itm/193416304661?epid=16029037217&_trkparms=ispr%3D1&hash=item2d08829815:g:xm4AAOSw4kNejy51:sc:ShippingMethodExpress!83402!US!-1&amdata=enc%3AAQAFAAACkBaobrjLl8XobRIiIML1V4Imu%252Fn%252BzU5L90Z278x5ickkfKe2vUidqHRg3XM2X2xOVEN0Vq21flfINe4iv5xTCoNP2587Ol0tLvn3W%252Fk451sAKqlkXGvDiCAygL9bXIuvex3d7owBbgNQvSc%252BqRM17hba8pWsoQs5%252BIUcUuGLnC5mSNzjrLwkc3b8U8lZVZg%252BS%252FaVHCCbUrP8%252F6gCyi%252BOSe%252FNg%252FJWn6xOxCpQPRB%252FE0y2MWiW8O6Q5q0cpBj0yhsBVWzCNj%252BkFdiW0o%252FVqcbJK35VL2gs99o7YNS20Q%252FVTlvHHHwwX3Dh6kmAv%252FhtiZZ2n%252B0tLZcJJmrT31%252BL51bRdMXno7j%252F6KPBgf4YbJkTfFjYthWmMRGVGGSYDH2Z7NvvBC0cEXF3zDehJA0Y9CMglEOd4wLmbKZ%252BEMnff662guhO816XXIAIBbmCY9YvlxybqhCjJ%252B7OCpffIYGhepQf1hhqUcu04rCF3KsIxfnLLMtGgPbdMz3wT%252BJufZAcvG19odDRLka6idU2l2Qwh4NanaRcmEVEfknWlS7mpD4Rf7b1OpKxIFY8ZGB6Jx3iSOw3rBFg5%252FVcgBaW1G2HkUnDq1cQ7hANQo0HdSJtKLyMKbbWSqD3bCCQg19j3b%252BVOASnM0TmMOknFig4JcWlNw9IJWtPQKXhx%252BK7%252BdvPrlCjMgfy2GZm6syYgbJa531FprhnqSV7sB8Uf6S7pIUzDABHR7HIkKgq9fU1jSATJfB3lXP6XbdibSUKEzCIKSfD8FWn%252BCUupTQxZe4P%252BKuGOS%252Fui4lksnSzcpXHNLAe3vUIZhZvQ3LR4yFzt7CumQ%252BfMJqCweWAt1eSh7yCQM30V56HwYD5dA3NiqjghpM5IGbLE6r6%7Ccksum%3A1934163046619706983cbc9748b4935edae9dfce1c85%7Campid%3APL_CLK%7Cclp%3A2334524,
Nintendo Switch Console Animal Crossing Fortnite Mario Kart Monster Hunter Rise,Brand New,$364.99,5.0,0,https://www.ebay.com/itm/203221096796?epid=4037037457&_trkparms=ispr%3D1&hash=item2f50ebd95c:g:jzgAAOSwceJgbjjs&amdata=enc%3AAQAFAAACkBaobrjLl8XobRIiIML1V4Imu%252Fn%252BzU5L90Z278x5ickkrmmq8hWevtuKE7%252F%252BLfVXtm9LOcJndTRjRklJxZK4CSXmcqtr9Sqpc7yG1aOOkvHv14qL4QyKalxwcpGLlo5UKc1sH8HNnq1VSSlGPRV7WKMAjnbgRH37PDzk3fPDPvmMs1N0kw1x6tCthleQ6Egcx2jsI2qaG5siPxLAYGtLXUtD04UPwEGB8MM7kDxMEaZprFravoRHccA4exHLu5Eod8BjHqkeOFUE1bSS83zQskEaL83n9qOTGBmOc%252BTlbDw34sFCCDyRcrpR2qqGN4WbGRIczvRg7b5SHvrAY1mrlN9HFPHy41UZa2jB%252BWtrnaSzdPL%252FyTTYSrkWcdsjzAolr1v0mLohu7PLi%252FeDVAwlypKo6YVwfZv5oct3CJyKOCkH5xKW08K3KUdpn5%252FRWlFOODTFv9AU5j%252BkADk7mJquFm%252F6VV7anKRkJjBv%252BO4l0MXFatufgixvUFL1iW4vvEUb4X1QQx8%252FXnEFltSsSVEB51yPSHxmXNuls%252F8H5rpMHAI1obK0olMCo0ANIOJwljtYSsSgOPHB2%252BME8JZ%252BFRuid1N2mBduTpa4tHUCPb8S5IsjYgWpuy10aG3RnLlSZKno5CIWSWc3AdQR7f9M58WjuIM371g6VI9Q%252BPSLjTKqof9BB5HVnI6O34PGxjb2%252By5wOJZ64U%252BEAxhKQbZLMtUvt%252FdvGMUnlnlzVDLoisaPy01XoA1OWjldmBHzxvZrS%252FTw%252BFrB7RxnYLfeRj%252FmxzPUc7yZeSOHtyLNvaP9vXmuHRkRbAdy7qkN0pRL%252Fd9kh%252BWlqCYeU3BqkVCDSDP13Jn6VB1gzzrwaJkXtdEz1egjJ5pZ%7Ccksum%3A2032210967969706983cbc9748b4935edae9dfce1c85%7Campid%3APL_CLK%7Cclp%3A2334524,
